Order ID,Order Date,Customer Name,Region,Product Category,Quantity,Unit Price,Total Sales
2001,2024-06-13,Priya Singh,West,Clothing,7,48647,340529
2002,2023-03-20,Amit Joshi,East,Electronics,7,17261,120827
2003,2024-04-08,Ramesh Kumar,North,Clothing,6,18327,109962
2004,2023-01-13,Suman Das,South,Kitchen,8,31820,254560
2005,2023-01-05,Amit Joshi,South,Clothing,6,13100,78600
2006,2024-12-24,Kavita Iyer,North,Kitchen,3,8206,24618
2007,2024-12-30,Priya Singh,South,Electronics,3,16195,48585
2008,2023-06-03,Vikram Patel,East,Clothing,1,5834,5834
2009,2024-09-07,Anita Sharma,East,Kitchen,8,17066,136528
2010,2024-04-11,Amit Joshi,South,Furniture,2,44695,89390
2011,2023-08-17,Neha Mehta,South,Electronics,7,28457,199199
2012,2024-01-21,Anita Sharma,West,Kitchen,2,13840,27680
2013,2023-07-28,Suman Das,West,Electronics,5,29153,145765
2014,2023-01-13,Amit Joshi,East,Electronics,2,3697,7394
2015,2023-01-06,Priya Singh,North,Kitchen,7,1595,11165
2016,2023-02-20,Priya Singh,South,Clothing,9,28835,259515
2017,2024-11-04,Amit Joshi,North,Electronics,8,1827,14616
2018,2024-09-04,Priya Singh,North,Sports,7,31216,218512
2019,2023-06-13,Deepak Rao,East,Kitchen,3,12166,36498
2020,2023-03-29,Priya Singh,East,Sports,8,23509,188072
2021,2024-04-24,Deepak Rao,West,Kitchen,3,26588,79764
2022,2023-09-04,Kavita Iyer,East,Clothing,9,11348,102132
2023,2024-05-28,Deepak Rao,South,Kitchen,7,28957,202699
2024,2023-02-17,Anita Sharma,East,Electronics,7,30706,214942
2025,2023-05-16,Neha Mehta,South,Clothing,9,28460,256140
2026,2024-05-27,Suman Das,North,Clothing,8,39110,312880
2027,2024-07-01,Rahul Verma,South,Kitchen,1,7890,7890
2028,2023-11-23,Anita Sharma,South,Sports,7,19352,135464
2029,2023-03-24,Vikram Patel,North,Clothing,7,45310,317170
2030,2023-10-20,Deepak Rao,South,Electronics,8,27247,217976
2031,2023-02-13,Kavita Iyer,North,Electronics,9,17000,153000
2032,2023-06-04,Kavita Iyer,West,Furniture,1,27942,27942
2033,2023-02-12,Rahul Verma,East,Kitchen,10,5611,56110
2034,2024-05-03,Priya Singh,South,Sports,1,31812,31812
2035,2024-12-01,Kavita Iyer,West,Clothing,4,46656,186624
2036,2023-10-07,Rahul Verma,South,Sports,3,4023,12069
2037,2023-10-19,Rahul Verma,West,Sports,5,35398,176990
2038,2024-05-06,Amit Joshi,West,Kitchen,9,49859,448731
2039,2023-08-18,Priya Singh,West,Electronics,4,30565,122260
2040,2023-08-17,Ramesh Kumar,North,Kitchen,4,23995,95980
2041,2024-08-22,Amit Joshi,West,Sports,7,22736,159152
2042,2023-12-27,Ramesh Kumar,South,Sports,3,28690,86070
2043,2023-10-14,Ramesh Kumar,South,Kitchen,4,6366,25464
2044,2024-06-06,Anita Sharma,East,Furniture,9,3725,33525
2045,2024-01-28,Kavita Iyer,East,Clothing,3,30711,92133
2046,2023-07-27,Deepak Rao,North,Electronics,5,21977,109885
2047,2024-08-07,Suman Das,North,Electronics,8,30557,244456
2048,2024-06-25,Anita Sharma,North,Furniture,1,3224,3224
2049,2024-01-22,Rahul Verma,South,Sports,6,46270,277620
2050,2023-05-23,Neha Mehta,West,Furniture,9,39413,354717
2051,2023-01-26,Vikram Patel,North,Kitchen,7,49443,346101
2052,2024-02-10,Suman Das,West,Sports,7,45644,319508
2053,2023-08-04,Suman Das,East,Sports,6,36830,220980
2054,2024-01-03,Suman Das,South,Sports,6,37366,224196
2055,2024-03-13,Anita Sharma,East,Sports,2,28601,57202
2056,2024-11-03,Amit Joshi,North,Furniture,4,44575,178300
2057,2024-06-02,Anita Sharma,West,Electronics,5,11114,55570
2058,2023-06-16,Kavita Iyer,East,Electronics,2,11716,23432
2059,2023-02-10,Kavita Iyer,South,Sports,8,22138,177104
2060,2024-12-31,Priya Singh,South,Clothing,2,5448,10896
2061,2024-10-03,Anita Sharma,South,Furniture,5,1364,6820
2062,2023-02-24,Anita Sharma,South,Kitchen,8,8422,67376
2063,2024-10-09,Anita Sharma,West,Kitchen,10,4009,40090
2064,2024-04-25,Suman Das,West,Sports,4,46029,184116
2065,2024-07-01,Amit Joshi,South,Furniture,10,24006,240060
2066,2024-07-14,Ramesh Kumar,East,Furniture,2,16496,32992
2067,2024-12-11,Priya Singh,North,Kitchen,8,13976,111808
2068,2024-01-07,Kavita Iyer,South,Kitchen,2,3223,6446
2069,2024-10-11,Suman Das,South,Furniture,9,12041,108369
2070,2024-05-26,Priya Singh,East,Kitchen,2,1603,3206
2071,2024-10-17,Priya Singh,West,Electronics,2,12642,25284
2072,2023-12-10,Amit Joshi,North,Sports,2,36352,72704
2073,2024-07-09,Deepak Rao,North,Sports,7,26232,183624
2074,2023-05-31,Amit Joshi,East,Clothing,10,49455,494550
2075,2023-04-18,Deepak Rao,East,Furniture,1,26051,26051
2076,2024-04-05,Kavita Iyer,East,Kitchen,9,33104,297936
2077,2024-05-09,Kavita Iyer,East,Sports,1,22654,22654
2078,2023-03-22,Vikram Patel,East,Furniture,6,38327,229962
2079,2023-01-25,Suman Das,North,Furniture,6,21441,128646
2080,2024-06-13,Neha Mehta,East,Clothing,1,46341,46341
2081,2023-02-22,Kavita Iyer,North,Clothing,10,10816,108160
2082,2023-04-06,Suman Das,West,Clothing,10,36658,366580
2083,2024-11-13,Rahul Verma,West,Sports,3,45937,137811
2084,2023-07-19,Suman Das,North,Sports,3,20864,62592
2085,2024-05-20,Rahul Verma,West,Clothing,9,43336,390024
2086,2023-09-19,Ramesh Kumar,East,Electronics,3,43725,131175
2087,2024-03-04,Rahul Verma,West,Kitchen,3,24974,74922
2088,2024-04-07,Kavita Iyer,East,Clothing,4,10354,41416
2089,2023-12-20,Vikram Patel,West,Sports,2,11117,22234
2090,2024-02-07,Suman Das,North,Clothing,7,37727,264089
2091,2024-05-07,Kavita Iyer,South,Electronics,2,47119,94238
2092,2023-08-24,Vikram Patel,East,Clothing,5,43031,215155
2093,2023-09-16,Priya Singh,North,Sports,10,48251,482510
2094,2023-09-16,Rahul Verma,West,Clothing,6,43300,259800
2095,2024-10-31,Suman Das,South,Furniture,5,41434,207170
2096,2024-12-20,Anita Sharma,North,Electronics,1,30505,30505
2097,2023-05-14,Deepak Rao,North,Sports,2,5777,11554
2098,2024-02-06,Neha Mehta,South,Furniture,8,20065,160520
2099,2024-01-17,Anita Sharma,North,Sports,7,8015,56105
2100,2024-04-19,Rahul Verma,North,Clothing,2,17097,34194
2101,2024-02-01,Vikram Patel,South,Clothing,9,4182,37638
2102,2024-07-23,Suman Das,North,Electronics,8,35964,287712
2103,2023-01-27,Rahul Verma,South,Furniture,3,18718,56154
2104,2023-02-02,Suman Das,East,Electronics,9,6823,61407
2105,2024-01-15,Anita Sharma,South,Sports,8,34089,272712
2106,2024-11-06,Rahul Verma,East,Kitchen,3,46227,138681
2107,2024-05-10,Deepak Rao,North,Sports,2,14707,29414
2108,2023-12-09,Suman Das,West,Clothing,3,3120,9360
2109,2024-10-11,Suman Das,North,Clothing,5,14130,70650
2110,2024-08-18,Ramesh Kumar,South,Furniture,9,20404,183636
2111,2023-08-21,Suman Das,North,Electronics,5,14015,70075
2112,2023-05-29,Kavita Iyer,West,Electronics,6,16096,96576
2113,2023-01-03,Vikram Patel,West,Sports,4,4803,19212
2114,2023-04-29,Amit Joshi,North,Sports,5,29647,148235
2115,2023-07-21,Neha Mehta,South,Furniture,2,18288,36576
2116,2024-10-14,Priya Singh,North,Kitchen,10,36934,369340
2117,2024-07-04,Deepak Rao,East,Sports,6,30257,181542
2118,2023-02-03,Suman Das,North,Furniture,5,36652,183260
2119,2023-01-03,Anita Sharma,South,Electronics,1,10056,10056
2120,2023-07-07,Vikram Patel,West,Sports,8,41767,334136
2121,2024-05-15,Vikram Patel,East,Electronics,6,7974,47844
2122,2023-08-16,Vikram Patel,South,Kitchen,9,33773,303957
2123,2023-10-21,Deepak Rao,East,Clothing,7,8862,62034
2124,2023-02-02,Deepak Rao,North,Clothing,6,47616,285696
2125,2024-12-26,Amit Joshi,West,Sports,4,9213,36852
2126,2024-04-08,Anita Sharma,West,Kitchen,7,5565,38955
2127,2024-11-29,Kavita Iyer,South,Sports,8,33203,265624
2128,2023-02-17,Suman Das,East,Kitchen,1,14771,14771
2129,2023-12-19,Kavita Iyer,West,Electronics,7,36441,255087
2130,2023-09-07,Kavita Iyer,West,Electronics,1,34873,34873
2131,2023-05-03,Amit Joshi,South,Kitchen,4,49899,199596
2132,2023-12-07,Amit Joshi,East,Electronics,1,34449,34449
2133,2024-02-12,Suman Das,East,Kitchen,1,22602,22602
2134,2023-02-11,Suman Das,North,Kitchen,3,8367,25101
2135,2024-11-22,Rahul Verma,South,Kitchen,4,39954,159816
2136,2023-12-29,Vikram Patel,South,Sports,4,36826,147304
2137,2024-05-09,Ramesh Kumar,East,Sports,9,5813,52317
2138,2023-01-23,Vikram Patel,North,Kitchen,8,42955,343640
2139,2023-10-07,Anita Sharma,South,Furniture,7,11011,77077
2140,2024-07-19,Ramesh Kumar,East,Electronics,1,29389,29389
2141,2024-11-07,Amit Joshi,West,Kitchen,3,33463,100389
2142,2023-03-18,Priya Singh,South,Kitchen,5,18936,94680
2143,2023-09-25,Amit Joshi,West,Sports,10,8948,89480
2144,2024-04-01,Kavita Iyer,South,Furniture,6,37263,223578
2145,2024-12-26,Kavita Iyer,West,Clothing,6,20665,123990
2146,2024-10-22,Suman Das,West,Sports,1,28269,28269
2147,2023-08-13,Priya Singh,West,Kitchen,4,9733,38932
2148,2024-07-16,Amit Joshi,West,Sports,3,16538,49614
2149,2023-07-02,Amit Joshi,East,Sports,5,45541,227705
2150,2024-03-05,Ramesh Kumar,West,Electronics,9,29425,264825
2151,2024-11-29,Anita Sharma,East,Furniture,6,41650,249900
2152,2024-10-04,Deepak Rao,North,Furniture,9,40923,368307
2153,2023-11-29,Deepak Rao,East,Kitchen,7,27680,193760
2154,2024-12-24,Suman Das,East,Kitchen,9,40540,364860
2155,2024-08-22,Amit Joshi,East,Furniture,4,10290,41160
2156,2023-12-03,Rahul Verma,East,Clothing,10,8087,80870
2157,2023-11-30,Suman Das,East,Electronics,4,20112,80448
2158,2024-03-25,Kavita Iyer,East,Electronics,10,34609,346090
2159,2023-06-01,Amit Joshi,South,Furniture,3,8333,24999
2160,2023-10-22,Deepak Rao,East,Electronics,3,31754,95262
2161,2024-06-26,Priya Singh,North,Kitchen,8,20873,166984
2162,2023-07-14,Kavita Iyer,North,Sports,6,10907,65442
2163,2023-05-29,Ramesh Kumar,North,Clothing,5,5787,28935
2164,2023-11-14,Rahul Verma,North,Kitchen,9,43093,387837
2165,2024-04-25,Priya Singh,East,Kitchen,5,12072,60360
2166,2024-06-04,Deepak Rao,South,Furniture,1,4189,4189
2167,2024-10-23,Neha Mehta,South,Clothing,2,17855,35710
2168,2023-03-16,Anita Sharma,South,Electronics,9,34250,308250
2169,2023-03-27,Anita Sharma,North,Kitchen,2,32938,65876
2170,2023-06-24,Priya Singh,East,Furniture,8,606,4848
2171,2023-12-22,Suman Das,South,Furniture,8,26301,210408
2172,2023-04-09,Deepak Rao,West,Clothing,5,24132,120660
2173,2024-02-11,Neha Mehta,South,Kitchen,2,26523,53046
2174,2024-03-09,Deepak Rao,North,Electronics,5,37894,189470
2175,2023-07-08,Deepak Rao,West,Clothing,9,45318,407862
2176,2024-05-10,Vikram Patel,East,Sports,1,22104,22104
2177,2024-02-11,Ramesh Kumar,East,Kitchen,4,6685,26740
2178,2023-01-22,Vikram Patel,West,Clothing,1,30046,30046
2179,2023-02-08,Priya Singh,East,Sports,2,42134,84268
2180,2023-08-22,Deepak Rao,South,Clothing,3,40374,121122
2181,2024-10-20,Amit Joshi,East,Furniture,6,39100,234600
2182,2023-01-26,Deepak Rao,North,Clothing,10,46078,460780
2183,2023-02-10,Anita Sharma,West,Furniture,6,45345,272070
2184,2024-10-15,Vikram Patel,West,Sports,2,20602,41204
2185,2024-06-07,Deepak Rao,South,Electronics,8,20303,162424
2186,2024-01-02,Neha Mehta,South,Kitchen,4,35213,140852
2187,2023-08-27,Suman Das,East,Clothing,6,47397,284382
2188,2023-05-26,Anita Sharma,West,Kitchen,9,40088,360792
2189,2024-02-29,Rahul Verma,North,Clothing,7,35110,245770
2190,2024-08-15,Priya Singh,North,Sports,10,12010,120100
2191,2024-05-25,Kavita Iyer,West,Kitchen,1,20549,20549
2192,2023-11-23,Amit Joshi,West,Electronics,1,17971,17971
2193,2023-12-05,Vikram Patel,West,Clothing,1,11803,11803
2194,2023-01-06,Deepak Rao,South,Clothing,10,6547,65470
2195,2023-06-25,Ramesh Kumar,East,Kitchen,6,37548,225288
2196,2024-02-11,Kavita Iyer,North,Clothing,5,30085,150425
2197,2024-08-15,Priya Singh,East,Electronics,7,39517,276619
2198,2024-10-25,Rahul Verma,North,Electronics,10,13757,137570
2199,2023-06-11,Kavita Iyer,East,Electronics,8,28826,230608
2200,2024-11-28,Amit Joshi,West,Sports,5,2939,14695
2201,2023-03-25,Anita Sharma,North,Kitchen,2,35246,70492
2202,2023-07-16,Suman Das,North,Clothing,3,23258,69774
2203,2023-11-16,Suman Das,South,Kitchen,8,34076,272608
2204,2023-05-09,Rahul Verma,West,Clothing,10,821,8210
2205,2023-06-21,Ramesh Kumar,West,Electronics,3,2728,8184
2206,2024-12-28,Suman Das,North,Electronics,6,31249,187494
2207,2024-12-29,Kavita Iyer,West,Sports,5,30798,153990
2208,2024-10-10,Ramesh Kumar,West,Sports,3,12037,36111
2209,2024-08-08,Priya Singh,South,Furniture,5,2381,11905
2210,2024-09-30,Deepak Rao,West,Furniture,2,35567,71134
2211,2024-07-05,Suman Das,South,Kitchen,4,1936,7744
2212,2024-08-16,Priya Singh,North,Electronics,5,38975,194875
2213,2023-06-08,Kavita Iyer,North,Electronics,4,25732,102928
2214,2024-09-05,Priya Singh,North,Clothing,5,43751,218755
2215,2024-10-29,Priya Singh,North,Electronics,9,26213,235917
2216,2024-09-06,Kavita Iyer,South,Kitchen,3,34080,102240
2217,2024-06-07,Ramesh Kumar,East,Sports,4,20255,81020
2218,2024-04-17,Ramesh Kumar,East,Clothing,9,19815,178335
2219,2024-10-18,Ramesh Kumar,South,Electronics,9,26196,235764
2220,2023-11-08,Deepak Rao,East,Furniture,1,19001,19001
2221,2023-07-17,Ramesh Kumar,East,Furniture,7,26481,185367
2222,2023-01-16,Ramesh Kumar,North,Kitchen,9,9372,84348
2223,2024-05-12,Ramesh Kumar,East,Electronics,10,33836,338360
2224,2023-06-08,Suman Das,North,Kitchen,8,11328,90624
2225,2023-02-05,Deepak Rao,South,Sports,2,12510,25020
2226,2023-05-02,Priya Singh,South,Sports,1,32959,32959
2227,2024-01-13,Suman Das,South,Furniture,6,46724,280344
2228,2023-06-12,Anita Sharma,West,Kitchen,2,32761,65522
2229,2024-10-30,Neha Mehta,North,Clothing,8,3008,24064
2230,2024-03-18,Rahul Verma,North,Furniture,10,40017,400170
2231,2023-04-12,Ramesh Kumar,North,Sports,9,49549,445941
2232,2024-10-11,Suman Das,East,Clothing,3,43345,130035
2233,2023-08-17,Kavita Iyer,South,Kitchen,1,17257,17257
2234,2023-11-03,Priya Singh,West,Sports,3,43332,129996
2235,2024-10-30,Deepak Rao,West,Sports,3,40557,121671
2236,2024-05-26,Suman Das,South,Kitchen,5,38849,194245
2237,2024-11-21,Vikram Patel,North,Kitchen,4,46400,185600
2238,2024-01-22,Anita Sharma,East,Furniture,4,9691,38764
2239,2024-08-30,Deepak Rao,East,Electronics,6,12995,77970
2240,2024-04-30,Ramesh Kumar,North,Clothing,9,24497,220473
2241,2024-02-23,Kavita Iyer,West,Furniture,4,46278,185112
2242,2023-12-23,Priya Singh,North,Sports,10,2887,28870
2243,2024-01-23,Rahul Verma,North,Furniture,2,41806,83612
2244,2023-07-01,Kavita Iyer,North,Kitchen,1,33684,33684
2245,2024-04-27,Rahul Verma,South,Electronics,8,2292,18336
2246,2023-04-11,Amit Joshi,East,Sports,6,5276,31656
2247,2024-05-12,Anita Sharma,South,Electronics,10,4194,41940
2248,2024-08-25,Suman Das,South,Electronics,2,25555,51110
2249,2024-03-01,Rahul Verma,East,Clothing,3,11582,34746
2250,2023-03-10,Priya Singh,South,Sports,8,40376,323008
2251,2023-11-02,Anita Sharma,North,Kitchen,8,37674,301392
2252,2024-05-12,Anita Sharma,South,Kitchen,2,30678,61356
2253,2024-01-04,Priya Singh,West,Sports,10,5302,53020
2254,2024-11-30,Amit Joshi,West,Furniture,4,28743,114972
2255,2024-06-10,Vikram Patel,East,Sports,6,44230,265380
2256,2024-11-01,Anita Sharma,West,Sports,4,7677,30708
2257,2024-05-02,Kavita Iyer,East,Clothing,1,28715,28715
2258,2024-01-16,Neha Mehta,North,Kitchen,2,32005,64010
2259,2023-12-25,Neha Mehta,North,Sports,4,49155,196620
2260,2024-12-13,Rahul Verma,East,Electronics,3,13506,40518
2261,2023-07-14,Vikram Patel,South,Kitchen,7,15232,106624
2262,2024-03-07,Anita Sharma,West,Sports,1,20397,20397
2263,2024-06-19,Anita Sharma,South,Kitchen,5,44872,224360
2264,2023-04-10,Deepak Rao,South,Furniture,1,18837,18837
2265,2023-11-06,Priya Singh,South,Clothing,2,16107,32214
2266,2024-12-15,Amit Joshi,South,Clothing,5,45598,227990
2267,2024-08-29,Ramesh Kumar,East,Clothing,9,41499,373491
2268,2023-06-25,Anita Sharma,South,Furniture,9,3412,30708
2269,2023-07-28,Rahul Verma,West,Electronics,7,39065,273455
2270,2024-03-04,Deepak Rao,South,Electronics,10,40394,403940
2271,2024-07-17,Kavita Iyer,North,Electronics,6,16910,101460
2272,2023-06-14,Deepak Rao,West,Electronics,1,16490,16490
2273,2023-09-15,Ramesh Kumar,North,Clothing,8,4094,32752
2274,2023-10-29,Deepak Rao,North,Clothing,3,17905,53715
2275,2023-07-15,Neha Mehta,South,Sports,1,43680,43680
2276,2023-11-30,Neha Mehta,South,Kitchen,5,15853,79265
2277,2023-09-17,Anita Sharma,West,Sports,3,1338,4014
2278,2023-12-27,Priya Singh,North,Furniture,1,13562,13562
2279,2024-10-23,Amit Joshi,North,Furniture,10,38104,381040
2280,2024-01-12,Anita Sharma,West,Sports,2,22862,45724
2281,2023-02-02,Priya Singh,South,Clothing,4,34478,137912
2282,2023-02-13,Anita Sharma,East,Sports,10,39094,390940
2283,2023-03-09,Suman Das,North,Kitchen,10,25836,258360
2284,2024-04-07,Vikram Patel,West,Electronics,7,23778,166446
2285,2024-04-08,Anita Sharma,South,Furniture,1,34037,34037
2286,2024-05-29,Anita Sharma,North,Sports,6,7755,46530
2287,2023-07-16,Neha Mehta,North,Kitchen,6,14580,87480
2288,2024-04-20,Suman Das,North,Kitchen,1,48239,48239
2289,2024-02-14,Ramesh Kumar,North,Clothing,1,5053,5053
2290,2024-08-31,Vikram Patel,South,Electronics,6,26099,156594
2291,2024-03-02,Rahul Verma,South,Clothing,1,22614,22614
2292,2023-08-05,Kavita Iyer,West,Sports,5,26114,130570
2293,2023-04-06,Rahul Verma,East,Electronics,3,19372,58116
2294,2024-07-03,Deepak Rao,North,Electronics,1,4872,4872
2295,2023-08-25,Vikram Patel,West,Kitchen,2,43234,86468
2296,2024-12-11,Deepak Rao,North,Sports,2,27639,55278
2297,2023-07-02,Vikram Patel,West,Clothing,6,38625,231750
2298,2024-10-04,Ramesh Kumar,North,Furniture,9,20162,181458
2299,2024-06-04,Ramesh Kumar,West,Electronics,6,36402,218412
2300,2024-04-12,Neha Mehta,East,Electronics,7,49989,349923
2301,2023-03-11,Suman Das,East,Kitchen,1,42513,42513
2302,2023-03-22,Ramesh Kumar,South,Sports,4,31886,127544
2303,2023-11-03,Rahul Verma,West,Electronics,8,620,4960
2304,2023-08-09,Rahul Verma,East,Furniture,7,45320,317240
2305,2023-02-18,Ramesh Kumar,East,Furniture,8,38806,310448
2306,2024-08-11,Ramesh Kumar,East,Clothing,10,5879,58790
2307,2024-05-01,Neha Mehta,South,Furniture,9,37604,338436
2308,2024-04-12,Amit Joshi,North,Sports,1,18630,18630
2309,2024-08-14,Kavita Iyer,South,Clothing,9,537,4833
2310,2024-01-01,Kavita Iyer,West,Kitchen,5,34678,173390
2311,2023-04-22,Suman Das,South,Sports,8,37414,299312
2312,2023-01-15,Suman Das,North,Kitchen,9,3038,27342
2313,2024-04-29,Deepak Rao,South,Sports,8,18966,151728
2314,2024-02-04,Priya Singh,North,Sports,9,1896,17064
2315,2024-11-05,Amit Joshi,West,Kitchen,10,1788,17880
2316,2023-11-30,Ramesh Kumar,North,Electronics,1,37666,37666
2317,2024-01-14,Amit Joshi,South,Furniture,8,18040,144320
2318,2024-04-13,Suman Das,East,Furniture,3,9530,28590
2319,2023-03-10,Priya Singh,South,Electronics,6,26015,156090
2320,2024-08-29,Vikram Patel,North,Sports,5,25301,126505
2321,2023-12-02,Priya Singh,East,Furniture,4,12525,50100
2322,2024-05-13,Rahul Verma,East,Sports,2,22767,45534
2323,2023-10-21,Vikram Patel,North,Sports,1,4211,4211
2324,2024-09-21,Ramesh Kumar,South,Electronics,6,12586,75516
2325,2023-08-28,Priya Singh,West,Sports,2,12933,25866
2326,2023-03-08,Suman Das,East,Electronics,9,28378,255402
2327,2023-07-31,Ramesh Kumar,North,Clothing,1,22250,22250
2328,2024-01-21,Deepak Rao,West,Clothing,5,30680,153400
2329,2024-09-15,Rahul Verma,East,Electronics,9,44933,404397
2330,2024-08-07,Anita Sharma,East,Sports,6,31597,189582
2331,2023-03-05,Ramesh Kumar,West,Electronics,6,26555,159330
2332,2023-07-15,Kavita Iyer,West,Sports,4,43251,173004
2333,2024-09-04,Neha Mehta,West,Electronics,3,32940,98820
2334,2024-08-23,Suman Das,North,Furniture,3,34288,102864
2335,2023-11-09,Rahul Verma,East,Electronics,4,1253,5012
2336,2024-07-14,Amit Joshi,South,Sports,1,2483,2483
2337,2024-01-19,Deepak Rao,North,Kitchen,6,21066,126396
2338,2023-02-08,Priya Singh,North,Clothing,6,33335,200010
2339,2024-01-22,Anita Sharma,East,Sports,6,33464,200784
2340,2024-06-24,Rahul Verma,West,Sports,7,26902,188314
2341,2023-02-06,Suman Das,East,Electronics,3,28237,84711
2342,2024-08-12,Vikram Patel,South,Furniture,6,4350,26100
2343,2024-10-22,Neha Mehta,West,Furniture,1,44463,44463
2344,2024-12-17,Ramesh Kumar,East,Electronics,1,14714,14714
2345,2024-11-24,Rahul Verma,West,Clothing,10,49432,494320
2346,2023-03-27,Priya Singh,West,Clothing,4,4475,17900
2347,2023-06-27,Priya Singh,North,Electronics,5,13041,65205
2348,2024-03-05,Amit Joshi,East,Electronics,7,9237,64659
2349,2024-09-28,Rahul Verma,West,Sports,2,11049,22098
2350,2024-05-22,Ramesh Kumar,North,Electronics,5,17781,88905
2351,2023-02-18,Neha Mehta,West,Clothing,4,18041,72164
2352,2024-05-28,Vikram Patel,West,Sports,9,24095,216855
2353,2023-07-03,Suman Das,East,Furniture,8,7365,58920
2354,2024-12-27,Anita Sharma,North,Furniture,4,38130,152520
2355,2023-04-12,Amit Joshi,South,Clothing,2,42351,84702
2356,2024-09-24,Amit Joshi,East,Kitchen,6,40423,242538
2357,2023-07-14,Anita Sharma,South,Electronics,4,3196,12784
2358,2023-08-14,Vikram Patel,South,Kitchen,3,37328,111984
2359,2024-08-07,Suman Das,West,Electronics,3,13166,39498
2360,2024-12-01,Deepak Rao,South,Clothing,10,43371,433710
2361,2024-10-24,Priya Singh,East,Sports,3,29385,88155
2362,2023-07-01,Deepak Rao,South,Furniture,4,35024,140096
2363,2024-06-02,Amit Joshi,West,Sports,7,28479,199353
2364,2023-06-06,Deepak Rao,South,Clothing,5,48018,240090
2365,2024-10-11,Neha Mehta,North,Furniture,9,47082,423738
2366,2023-04-14,Neha Mehta,North,Kitchen,10,48591,485910
2367,2023-10-27,Vikram Patel,North,Sports,10,33653,336530
2368,2023-06-20,Deepak Rao,East,Electronics,7,39834,278838
2369,2024-04-13,Rahul Verma,West,Electronics,4,1730,6920
2370,2023-06-21,Rahul Verma,West,Kitchen,10,40132,401320
2371,2024-04-22,Neha Mehta,East,Electronics,10,44460,444600
2372,2023-08-05,Anita Sharma,West,Clothing,7,43386,303702
2373,2023-10-25,Anita Sharma,East,Kitchen,1,23496,23496
2374,2023-03-02,Kavita Iyer,East,Clothing,8,16642,133136
2375,2024-03-02,Vikram Patel,West,Clothing,8,49412,395296
2376,2023-06-21,Amit Joshi,South,Furniture,8,43255,346040
2377,2023-05-28,Suman Das,West,Electronics,5,47304,236520
2378,2023-06-03,Kavita Iyer,East,Furniture,7,39205,274435
2379,2023-09-28,Neha Mehta,North,Kitchen,9,35223,317007
2380,2024-05-09,Suman Das,North,Clothing,7,19165,134155
2381,2023-12-01,Vikram Patel,East,Kitchen,5,9188,45940
2382,2023-01-21,Suman Das,North,Electronics,8,16260,130080
2383,2024-03-04,Rahul Verma,South,Sports,7,27290,191030
2384,2024-09-12,Neha Mehta,West,Sports,9,937,8433
2385,2024-11-08,Vikram Patel,South,Electronics,7,17150,120050
2386,2023-04-21,Priya Singh,West,Clothing,1,41973,41973
2387,2023-08-25,Vikram Patel,South,Furniture,7,14887,104209
2388,2023-01-31,Amit Joshi,East,Kitchen,8,45261,362088
2389,2023-06-22,Amit Joshi,South,Electronics,10,25884,258840
2390,2023-12-15,Amit Joshi,North,Furniture,4,18701,74804
2391,2024-06-08,Vikram Patel,West,Furniture,4,47321,189284
2392,2023-09-19,Vikram Patel,South,Electronics,5,27573,137865
2393,2024-02-06,Anita Sharma,East,Electronics,3,10095,30285
2394,2023-07-11,Rahul Verma,North,Clothing,6,39147,234882
2395,2024-10-16,Deepak Rao,South,Sports,7,41774,292418
2396,2023-04-12,Neha Mehta,South,Furniture,1,29181,29181
2397,2024-08-02,Anita Sharma,North,Electronics,6,18922,113532
2398,2023-10-04,Anita Sharma,West,Kitchen,6,49010,294060
2399,2024-04-19,Deepak Rao,South,Kitchen,9,4498,40482
2400,2024-06-21,Neha Mehta,North,Clothing,10,33579,335790
